fda_desc,Ingredient description,Ingredient code
Butter,"Butter, salted",1001
"Cheese, blue/roquefort","Cheese, blue",1004
"Cheese, brick","Cheese, brick",1005
"Cheese, brie","Cheese, brie",1006
"Cheese, camembert","Cheese, camembert",1007
"Cheese, cheddar","Cheese, cheddar",1009
"Cheese, colby","Cheese, colby",1011
"Cheese, cottage","Cheese, cottage, creamed, large or small curd",1012
"Cheese, cottage, low fat","Cheese, cottage, lowfat, 2% milkfat",1015
"Cheese, cream","Cheese, cream",1017
"Cheese, feta","Cheese, feta",1019
"Cheese, fontina","Cheese, fontina",1020
"Cheese, gouda/edam","Cheese, gouda",1022
"Cheese, gruyere","Cheese, gruyere",1023
"Cheese, monterey","Cheese, monterey",1025
"Cheese, mozzarella","Cheese, mozzarella, whole milk",1026
"Cheese, mozzarella, low fat/nonfat","Cheese, mozzarella, part skim milk",1028
"Cheese, muenster","Cheese, muenster",1030
"Cheese, parmesan","Cheese, parmesan, grated",1032
"Cheese, provolone","Cheese, provolone",1035
"Cheese, ricotta","Cheese, ricotta, whole milk",1036
"Cheese, romano","Cheese, romano",1038
"Cheese, swiss","Cheese, swiss",1040
"Cream, fluid","Cream, fluid, half and half",1049
"Cream, sour","Cream, sour, cultured",1056
"Milk, whole, fluid","Milk, whole, 3.25% milkfat, with added vitamin D",1077
"Milk, 2% fat, fluid","Milk, reduced fat, fluid, 2% milkfat, with added vitamin A and vitamin D",1079
"Milk, 1% fat, fluid","Milk, lowfat, fluid, 1% milkfat, with added vitamin A and vitamin D",1082
"Milk, nonfat, fluid","Milk, nonfat, fluid, with added vitamin A and vitamin D (fat free or skim)",1085
"Milk, buttermilk, 1% fat, fluid","Milk, buttermilk, fluid, cultured, lowfat",1088
"Milk, whole, dried","Milk, dry, whole, with added vitamin D",1090
"Milk, buttermilk, whole, dried","Milk, buttermilk, dried",1094
"Milk, buttermilk, 1% fat, dried","Milk, buttermilk, dried",1094
"Milk, 2% fat, evaporated","Milk, canned, evaporated, with added vitamin D and without added vitamin A",1096
"Milk, whole, evaporated","Milk, canned, evaporated, with added vitamin D and without added vitamin A",1096
"Milk, nonfat, evaporated","Milk, canned, evaporated, nonfat, with added vitamin A and vitamin D",1097
"Milk, goat, whole, fluid","Milk, goat, fluid, with added vitamin D",1106
"Whey, dried","Whey, sweet, dried",1115
"Egg, whole, raw","Egg, whole, raw, fresh",1123
"Egg, white, cooked","Egg, white, raw, fresh",1124
"Egg, white, raw","Egg, white, raw, fresh",1124
"Egg, yolk, raw","Egg, yolk, raw, fresh",1125
"Egg, yolk, cooked","Egg, yolk, raw, fresh",1125
"Egg, whole, cooked","Egg, whole, cooked, fried",1128
"Egg, whole, dried","Egg, whole, dried",1133
"Egg, white, dried","Egg, whole, dried",1133
"Egg, duck, cooked","Egg, duck, whole, fresh, raw",1138
"Egg, goose, cooked","Egg, goose, whole, fresh, raw",1139
"Egg, quail, canned","Egg, quail, whole, fresh, raw",1140
"Milk, nonfat, dried","Milk, dry, nonfat, regular, with added vitamin A and vitamin D",1154
"Cheese, goat","Cheese, goat, hard type",1156
"Cheese, queso anejo","Cheese, mexican, queso anejo",1165
"Cheese, queso chihuahua","Cheese, mexican, queso chihuahua",1167
"Cream, sour, light/reduced fat/imitation/fat free","Sour cream, light",1179
"Cheese, parmesan, reduced fat/fat free","Parmesan cheese topping, fat free",1185
"Cheese, cream, nonfat","Cheese, cream, fat free",1186
"Cream, fluid, fat free","Cream, half and half, fat free",1199
"Cheese, provolone, reduced fat","Cheese, provolone, reduced fat",1208
"Cheese, Mexican blend, reduced fat","Cheese, Mexican, blend, reduced fat",1209
"Milk, whole, with 77% moisture loss (for dulce de leche and condensed milk)",Dulce de Leche,1225
"Cheese, queso seco","Cheese, dry white, queso seco",1227
"Cheese, queso fresco","Cheese, fresh, queso fresco",1228
"Milk, buttermilk, whole, fluid","Milk, buttermilk, fluid, whole",1230
"Cheese, Mexican blend","Cheese, Mexican blend",1251
"Cheese, cheddar, reduced fat","Cheese, cheddar, reduced fat",1260
"Cheese, cheddar, nonfat","Cheese, cheddar, nonfat or fat free",1265
"Cheese, swiss, low fat/nonfat","Cheese, Swiss, nonfat or fat free",1266
"Spices, basil, dried","Spices, basil, dried",2003
"Spices, caraway seed","Spices, caraway seed",2005
"Spices, celery seed","Spices, celery seed",2007
"Spices, chili powder","Spices, chili powder",2009
"Spices, cinnamon","Spices, cinnamon, ground",2010
"Spices, cloves, ground","Spices, cloves, ground",2011
"Spices, cloves","Spices, cloves, ground",2011
"Spices, coriander (cilantro) leaf, dried","Spices, coriander leaf, dried",2012
"Spices, coriander leaf, dried","Spices, coriander leaf, dried",2012
"Spices, cumin","Spices, cumin seed",2014
"Spices, curry powder","Spices, curry powder",2015
"Spices, garlic powder","Spices, garlic powder",2020
"Spices, ginger","Spices, ginger, ground",2021
"Spices, marjoram, dried","Spices, marjoram, dried",2023
"Spices, mustard seed, ground","Spices, mustard seed, ground",2024
"Spices, nutmeg","Spices, nutmeg, ground",2025
"Spices, nutmeg, ground","Spices, nutmeg, ground",2025
"Spices, onion powder","Spices, onion powder",2026
"Spices, oregano, dried","Spices, oregano, dried",2027
"Spices, paprika","Spices, paprika",2028
"Spices, parsley, dried","Spices, parsley, dried",2029
"Spices, pepper, black","Spices, pepper, black",2030
"Spices, pepper, red/cayenne","Spices, pepper, red or cayenne",2031
"Spices, pumpkin pie spice","Spices, pumpkin pie spice",2035
"Spices, sage","Spices, sage, ground",2038
"Spices, thyme, dried","Spices, thyme, dried",2042
"Spices, turmeric, ground","Spices, turmeric, ground",2043
"Basil, fresh","Basil, fresh",2044
Salt,"Salt, table",2047
Vinegar,"Vinegar, cider",2048
"Flavorings, vanilla extract","Vanilla extract, imitation, no alcohol",2052
"Capers, canned","Capers, canned",2054
"Cereal, infant, barley, whole grain","Babyfood, cereal, barley, dry fortified",3181
"Cereal, infant, oat","Babyfood, cereal, oatmeal, dry fortified",3189
"Cereal, infant, rice, white","Babyfood, cereal, Rice, dry, fortified",3194
"Oil, vegetable/nut/seed (other than cocoa butter)","Vegetable oil, NFS",4321
"Fat, animal, chicken","Fat, chicken",4542
"Fat, animal, turkey","Fat, turkey",4575
"Fat, animal, pork","Animal fat, bacon grease",4609
"Fat, animal, beef","Animal fat, bacon grease",4609
"Fat, animal, lamb","Animal fat, bacon grease",4609
"Chicken, variety meat, giblets (incl liver/gizzard), cooked","Chicken, gizzard, all classes, cooked, simmered",5024
"Chicken, lean and fat, cooked","Chicken, broilers or fryers, breast, meat only, cooked, roasted",5064
"Chicken, lean and fat, canned/cooked","Chicken, broilers or fryers, breast, meat only, cooked, roasted",5064
"Chicken, lean and fat, canned","Chicken, broilers or fryers, breast, meat only, cooked, roasted",5064
"Duck, lean and fat, cooked","Duck, domesticated, meat only, cooked, roasted",5142
"Turkey, lean and fat, canned","Turkey, whole, meat and skin, cooked, roasted",5166
"Turkey, lean and fat, canned/cooked","Turkey, whole, meat and skin, cooked, roasted",5166
"Turkey, lean and fat, cooked","Turkey, whole, meat and skin, cooked, roasted",5166
"Turkey, variety meat, giblets (incl liver/gizzard), cooked","Turkey, whole, giblets, cooked, simmered",5172
"Sauce, pepper","Sauce, ready-to-serve, pepper, TABASCO",6169
"Corn grits, uncooked (consumed cooked/heat-treated)","Cereals, corn grits, white, regular and quick, enriched, dry",8090
"Corn grain, uncooked (consumed cooked/heat-treated)","Cereals, corn grits, white, regular and quick, enriched, dry",8090
"Wheat endosperm, uncooked (consumed cooked/heat-treated)","Cereals, CREAM OF WHEAT, instant, dry",8106
"Oat groats (oatmeal), uncooked (consumed cooked/heat-treated)","Cereals, oats, regular and quick, not fortified, dry",8120
"Apples, raw","Apples, raw, with skin",9003
"Apples, raw/frozen/canned (apples only)","Apples, raw, with skin",9003
"Apples, dehydrated","Apples, dried, sulfured, uncooked",9011
"Apples, dried","Apples, dried, sulfured, uncooked",9011
"Apples, dried, cooked","Apples, dried, sulfured, uncooked",9011
"Juice, apple","Apple juice, canned or bottled, unsweetened, without added ascorbic acid",9016
"Juice, apple, concentrate","Apple juice, frozen concentrate, unsweetened, undiluted, without added ascorbic acid",9017
"Apricots, raw","Apricots, raw",9021
"Apricots, canned (apricots only)","Apricots, canned, water pack, with skin, solids and liquids",9022
"Apricots, canned/cooked (apricots only)","Apricots, canned, water pack, with skin, solids and liquids",9022
"Apricots, cooked","Apricots, canned, water pack, with skin, solids and liquids",9022
"Apricots, dried","Apricots, dried, sulfured, uncooked",9032
"Apricots, dried, cooked","Apricots, dried, sulfured, stewed, without added sugar",9033
"Juice, apricot","Apricot nectar, canned, without added ascorbic acid",9036
"Avocado, raw","Avocados, raw, all commercial varieties",9037
"Bananas, raw","Bananas, raw",9040
"Bananas, cooked","Bananas, raw",9040
"Bananas, dehydrated","Bananas, dehydrated, or banana powder",9041
"Blackberries, raw/frozen","Blackberries, raw",9042
"Blackberries, cooked","Blackberries, raw",9042
"Juice, blackberry","Blackberry juice, canned",9043
"Blackberries, canned/cooked (blackberries only)","Blackberries, canned, heavy syrup, solids and liquids",9046
"Blueberries, raw/frozen","Blueberries, raw",9050
"Blueberries, cooked","Blueberries, raw",9050
"Blueberries, canned/cooked (blueberries only)","Blueberries, canned, heavy syrup, solids and liquids",9052
"Blueberries, canned (blueberries only)","Blueberries, canned, heavy syrup, solids and liquids",9052
"Huckleberries, raw/frozen","Blueberries, frozen, sweetened",9055
"Boysenberries, raw/frozen","Boysenberries, frozen, unsweetened",9057
"Breadfruit, canned/cooked","Breadfruit, raw",9059
"Carambola (starfruit), raw","Carambola, (starfruit), raw",9060
"Cherries, raw/frozen/canned (cherries only)","Cherries, sweet, raw",9070
"Cherries, raw/frozen","Cherries, sweet, raw",9070
"Cherries, cooked","Cherries, sweet, canned, water pack, solids and liquids",9071
"Cherries, canned/cooked (cherries only)","Cherries, sweet, canned, water pack, solids and liquids",9071
"Cherries, canned (cherries only)","Cherries, sweet, canned, water pack, solids and liquids",9071
"Cranberries, cooked","Cranberries, raw",9078
"Cranberries, raw","Cranberries, raw",9078
"Cranberries, canned/cooked (cranberries only)","Cranberry sauce, canned, sweetened",9081
"Currants, dried","Currants, zante, dried",9085
Dates,"Dates, deglet noor",9087
"Figs, raw","Figs, raw",9089
"Figs, canned/cooked (figs only)","Figs, canned, water pack, solids and liquids",9090
"Figs, canned (figs only)","Figs, canned, water pack, solids and liquids",9090
"Figs, dried","Figs, dried, uncooked",9094
"Figs, dried, cooked","Figs, dried, stewed",9095
"Grapefruit, raw","Grapefruit, raw, pink and red and white, all areas",9111
"Grapefruit, frozen/canned (grapefruit only)","Grapefruit, sections, canned, water pack, solids and liquids",9119
"Grapefruit, canned (grapefruit only)","Grapefruit, sections, canned, water pack, solids and liquids",9119
"Juice, grapefruit, concentrate","Grapefruit juice, white, frozen concentrate, unsweetened, undiluted",9125
"Juice, grapefruit","Grapefruit juice, white, raw",9128
"Juice, grape","Grape juice, canned or bottled, unsweetened, with added ascorbic acid",9130
"Grapes, raw","Grapes, red or green (European type, such as Thompson seedless), raw",9132
"Grapes, cooked","Grapes, red or green (European type, such as Thompson seedless), raw",9132
"Grapes, canned/cooked (grapes only)","Grapes, red or green (European type, such as Thompson seedless), raw",9132
"Grapes, canned (grapes only)","Grapes, red or green (European type, such as Thompson seedless), raw",9132
"Grapes, raw/frozen/canned (grapes only)","Grapes, red or green (European type, such as Thompson seedless), raw",9132
"Guava, raw","Guavas, common, raw",9139
"Guava, cooked","Guava sauce, cooked",9143
"Guava, canned (guava only)","Guava sauce, cooked",9143
"Kiwis, raw","Kiwifruit, green, raw",9148
"Kumquats, raw","Kumquats, raw",9149
"Lemons, raw","Lemon juice, raw",9152
"Juice, lemon","Lemon juice, raw",9152
"Lemon peel, raw","Lemon peel, raw",9156
"Lemon peel, cooked","Lemon peel, raw",9156
"Limes, raw","Limes, raw",9159
"Juice, lime","Lime juice, raw",9160
"Blueberries, dried, unsweetened","Blueberries, dried, sweetened",9163
"Litchis/lychees, raw","Litchis, raw",9164
"Litchis/lychees, canned/cooked (litchis only)","Litchis, raw",9164
"Litchis/lychees, dried","Litchis, dried",9165
"Loganberries, raw/frozen","Loganberries, frozen",9167
"Mangoes, canned (mangoes only)","Mangos, raw",9176
"Mangoes, cooked","Mangos, raw",9176
"Mangoes, raw/frozen","Mangos, raw",9176
"Melon, cantaloupe, raw","Melons, cantaloupe, raw",9181
"Melon, casaba, raw","Melons, casaba, raw",9183
"Melon, honeydew, raw","Melons, honeydew, raw",9184
"Mulberries, raw","Mulberries, raw",9190
"Nectarines, cooked","Nectarines, raw",9191
"Nectarines, raw","Nectarines, raw",9191
"Olives, green, pickled","Olives, pickled, canned or bottled, green",9195
"Olives, ripe, pickled","Olives, pickled, canned or bottled, green",9195
"Oranges, raw","Oranges, raw, all commercial varieties",9200
"Oranges, cooked","Oranges, raw, all commercial varieties",9200
"Oranges, canned (oranges only)","Oranges, raw, all commercial varieties",9200
"Juice, orange","Orange juice, raw",9206
"Juice, orange, concentrate","Orange juice, frozen concentrate, unsweetened, undiluted",9214
"Tangerine/clementine/calamondin/mandarin orange, raw","Tangerines, (mandarin oranges), raw",9218
"Papayas, canned (papaya only)","Papayas, raw",9226
"Papayas, canned/cooked (papaya only)","Papayas, raw",9226
"Papayas, cooked","Papayas, raw",9226
"Papayas, dried","Papayas, raw",9226
"Papayas, raw","Papayas, raw",9226
"Juice, papaya","Papaya nectar, canned",9229
"Passion-fruit, (granadilla), purple, raw","Passion-fruit, (granadilla), purple, raw",9231
"Juice, passionfruit","Passion-fruit juice, purple, raw",9232
"Peaches, raw/frozen/canned (peaches only)","Peaches, yellow, raw",9236
"Peaches, raw/frozen","Peaches, yellow, raw",9236
"Peaches, canned (peaches only)","Peaches, canned, water pack, solids and liquids",9237
"Peaches, canned/cooked (peaches only)","Peaches, canned, water pack, solids and liquids",9237
"Peaches, cooked","Peaches, canned, water pack, solids and liquids",9237
"Peaches, dried","Peaches, dried, sulfured, uncooked",9246
"Peaches, dried, cooked","Peaches, dried, sulfured, stewed, without added sugar",9247
"Juice, peach","Peach nectar, canned, without added ascorbic acid",9251
"Pears, raw","Pears, raw",9252
"Pears, raw/frozen/canned (pears only)","Pears, raw",9252
"Pears, cooked","Pears, canned, water pack, solids and liquids",9253
"Pears, canned/cooked (pears only)","Pears, canned, water pack, solids and liquids",9253
"Pears, canned (pears only)","Pears, canned, water pack, solids and liquids",9253
"Pears, dried","Pears, dried, sulfured, uncooked",9259
"Pears, dried, cooked","Pears, dried, sulfured, stewed, without added sugar",9260
"Juice, pear","Pear nectar, canned, without added ascorbic acid",9262
"Persimmons, raw","Persimmons, japanese, raw",9263
"Pineapple, raw/frozen","Pineapple, frozen, chunks, sweetened",9272
"Juice, pineapple","Pineapple juice, canned or bottled, unsweetened, without added ascorbic acid",9273
"Plantains, raw","Plantains, raw",9277
"Plantains, cooked","Plantains, cooked",9278
"Plums, raw","Plums, raw",9279
"Plums, canned (plums only)","Plums, canned, purple, water pack, solids and liquids",9281
"Plums, canned/cooked (plums only)","Plums, canned, purple, water pack, solids and liquids",9281
"Plums, cooked","Plums, canned, purple, water pack, solids and liquids",9281
"Pomegranates, raw","Pomegranates, raw",9286
"Plums, dried (prunes)","Plums, dried (prunes), uncooked",9291
"Plums, dried (prunes), cooked","Plums, dried (prunes), stewed, without added sugar",9292
"Juice, prune","Prune juice, canned",9294
Raisins,"Raisins, seedless",9298
"Raisins, cooked","Raisins, seedless",9298
"Raspberries, raw/frozen","Raspberries, raw",9302
"Raspberries, cooked","Raspberries, raw",9302
"Raspberries, canned/cooked (raspberries only)","Raspberries, canned, red, heavy syrup pack, solids and liquids",9304
"Rhubarb, cooked","Rhubarb, raw",9307
"Rhubarb, canned/cooked (rhubarb only)","Rhubarb, raw",9307
"Rhubarb, raw","Rhubarb, raw",9307
"Strawberries, raw/frozen","Strawberries, raw",9316
"Strawberries, cooked","Strawberries, raw",9316
"Strawberries, canned/cooked (strawberries only)","Strawberries, canned, heavy syrup pack, solids and liquids",9317
"Strawberries, canned (strawberries only)","Strawberries, canned, heavy syrup pack, solids and liquids",9317
"Tamarind, raw","Tamarinds, raw",9322
"Tamarind, cooked","Tamarinds, raw",9322
"Watermelon, raw","Watermelon, raw",9326
"Pears, asian, raw","Pears, asian, raw",9340
"Pineapple, canned/cooked (pineapple only)","Pineapple, canned, juice pack, drained",9354
"Pineapple, canned (pineapple only)","Pineapple, canned, juice pack, drained",9354
"Pineapple, raw/frozen/canned (pineapple only)","Pineapple, canned, juice pack, drained",9354
"Pineapple, cooked","Pineapple, canned, juice pack, drained",9354
"Tangerine/clementine/calamondin/mandarin orange, canned/cooked (oranges only)","Tangerines, (mandarin oranges), canned, juice pack, drained",9383
"Tangerine/clementine/mandarin orange, frozen/canned (oranges only)","Tangerines, (mandarin oranges), canned, juice pack, drained",9383
"Apples, cooked/applesauce","Applesauce, unsweetened, with added vitamin C",9401
"Juice, mango","Mango nectar, canned",9436
"Juice, pomegranate","Pomegranate juice, bottled",9442
"Juice, cranberry","Cranberry juice blend, 100% juice, bottled, with added vitamin C and calcium",9522
"Pork, lean and fat, cooked","Pork, fresh, leg (ham), whole, separable lean and fat, cooked, roasted",10009
"Pork, lean and fat, canned","Pork, fresh, leg (ham), whole, separable lean and fat, cooked, roasted",10009
"Pork, lean and fat, canned/cooked","Pork, fresh, leg (ham), whole, separable lean and fat, cooked, roasted",10009
"Pork, variety meat, chitterlings, cooked","Pork, fresh, variety meats and by-products, chitterlings, cooked, simmered",10099
"Pork, variety meat, stomach, cooked","Pork, fresh, variety meats and by-products, stomach, raw",10119
"Pork, variety meat, feet, cooked","Pork, fresh, variety meats and by-products, feet, cooked, simmered",10173
"Seeds, alfalfa, sprouted, raw","Alfalfa seeds, sprouted, raw",11001
"Artichokes, (globe or french), canned/cooked","Artichokes, (globe or french), cooked, boiled, drained, without salt",11008
"Artichokes, (globe or french), canned","Artichokes, (globe or french), cooked, boiled, drained, without salt",11008
"Artichokes, (globe or french), cooked","Artichokes, (globe or french), cooked, boiled, drained, without salt",11008
"Artichokes, (globe or french), raw","Artichokes, (globe or french), cooked, boiled, drained, without salt",11008
"Asparagus, raw","Asparagus, raw",11011
"Asparagus, canned/cooked","Asparagus, cooked, boiled, drained",11012
"Asparagus, cooked","Asparagus, cooked, boiled, drained",11012
"Asparagus, canned","Asparagus, canned, drained solids",11015
"Balsam-pear (bitter melon/gourd)/horseradish/jute/radish leaves, cooked","Balsam-pear (bitter gourd), leafy tips, cooked, boiled, drained, without salt",11023
"Balsam-pear (bitter melon/gourd), pods, cooked","Balsam-pear (bitter gourd), pods, cooked, boiled, drained, without salt",11025
"Bamboo shoots, canned/cooked","Bamboo shoots, canned, drained solids",11028
"Beans, lima, immature, canned","Lima beans, immature seeds, cooked, boiled, drained, without salt",11032
"Beans, lima, immature, canned/cooked","Lima beans, immature seeds, cooked, boiled, drained, without salt",11032
"Beans, lima, immature, cooked","Lima beans, immature seeds, cooked, boiled, drained, without salt",11032
"Beans, mung, mature, sprouted, canned/cooked","Mung beans, mature seeds, sprouted, raw",11043
"Beans, mung, mature, canned","Mung beans, mature seeds, sprouted, raw",11043
"Beans, mung, mature, sprouted, raw","Mung beans, mature seeds, sprouted, raw",11043
"Beans, mung, mature, sprouted, cooked","Mung beans, mature seeds, sprouted, raw",11043
"Beans, green/snap, raw","Beans, snap, green, raw",11052
"Beans, green/snap, cooked","Beans, snap, green, cooked, boiled, drained, without salt",11053
"Beans, green/snap, raw/canned/cooked","Beans, snap, green, canned, regular pack, drained solids",11056
"Beans, green/snap, canned","Beans, snap, green, canned, regular pack, drained solids",11056
"Beans, green/snap, canned/cooked","Beans, snap, green, canned, regular pack, drained solids",11056
"Beets, raw","Beets, raw",11080
"Beets, cooked","Beets, cooked, boiled, drained",11081
"Beets, canned/cooked","Beets, cooked, boiled, drained",11081
"Beets, canned","Beets, canned, drained solids",11084
"Beet greens, raw","Beet greens, raw",11086
"Beet greens, cooked","Beet greens, cooked, boiled, drained, without salt",11087
"Broccoli, raw","Broccoli, raw",11090
"Broccoli, canned","Broccoli, cooked, boiled, drained, without salt",11091
"Broccoli, canned/cooked","Broccoli, cooked, boiled, drained, without salt",11091
"Broccoli, cooked","Broccoli, cooked, boiled, drained, without salt",11091
"Broccoli raab, raw","Broccoli raab, raw",11096
"Broccoli raab, cooked","Broccoli raab, cooked",11097
"Brussels sprouts, raw","Brussels sprouts, raw",11098
"Brussels sprouts, canned/cooked","Brussels sprouts, cooked, boiled, drained, without salt",11099
"Brussels sprouts, cooked","Brussels sprouts, cooked, boiled, drained, without salt",11099
"Burdock root, cooked","Burdock root, raw",11104
"Cabbage, raw","Cabbage, raw",11109
"Cabbage, canned","Cabbage, cooked, boiled, drained, without salt",11110
"Cabbage, canned/cooked","Cabbage, cooked, boiled, drained, without salt",11110
"Cabbage, cooked","Cabbage, cooked, boiled, drained, without salt",11110
"Cabbage, savoy, cooked","Cabbage, savoy, raw",11114
"Cabbage, Chinese, cooked","Cabbage, chinese (pak-choi), raw",11116
"Cabbage, Chinese, raw","Cabbage, chinese (pak-choi), raw",11116
"Carrots, raw/canned/cooked","Carrots, raw",11124
"Carrots, raw","Carrots, raw",11124
"Carrots, cooked","Carrots, cooked, boiled, drained, without salt",11125
"Carrots, canned","Carrots, cooked, boiled, drained, without salt",11125
"Carrots, canned/cooked","Carrots, cooked, boiled, drained, without salt",11125
"Cassava, cooked","Cassava, raw",11134
"Cauliflower, raw","Cauliflower, raw",11135
"Cauliflower, canned/cooked","Cauliflower, cooked, boiled, drained, without salt",11136
"Cauliflower, cooked","Cauliflower, cooked, boiled, drained, without salt",11136
"Cauliflower, canned","Cauliflower, cooked, boiled, drained, without salt",11136
"Celeriac, cooked","Celeriac, raw",11141
"Celery, raw","Celery, raw",11143
"Celery, canned","Celery, cooked, boiled, drained, without salt",11144
"Celery, canned/cooked","Celery, cooked, boiled, drained, without salt",11144
"Celery, cooked","Celery, cooked, boiled, drained, without salt",11144
"Chard, Swiss, raw","Chard, swiss, raw",11147
"Chard, Swiss, cooked","Chard, swiss, cooked, boiled, drained, without salt",11148
"Christophine/chayote, cooked","Chayote, fruit, cooked, boiled, drained, without salt",11150
"Chives, raw","Chives, raw",11156
"Collards, raw","Collards, raw",11161
"Collards, cooked","Collards, cooked, boiled, drained, without salt",11162
"Collards, canned","Collards, cooked, boiled, drained, without salt",11162
"Collards, canned/cooked","Collards, cooked, boiled, drained, without salt",11162
"Coriander (cilantro) leaves, raw","Coriander (cilantro) leaves, raw",11165
"Corn (vegetable), raw","Corn, sweet, yellow, raw",11167
"Corn (vegetable), cooked","Corn, sweet, yellow, cooked, boiled, drained, without salt",11168
"Corn (vegetable), canned/cooked","Corn, sweet, yellow, cooked, boiled, drained, without salt",11168
"Corn (vegetable), canned","Corn, sweet, yellow, canned, whole kernel, drained solids",11172
"Cowpeas (black-eyed peas), immature, cooked","Cowpeas (blackeyes), immature seeds, cooked, boiled, drained, without salt",11192
"Cowpeas (black-eyed peas), mature, cooked","Cowpeas (blackeyes), immature seeds, cooked, boiled, drained, without salt",11192
"Cowpeas (black-eyed peas), immature, canned","Cowpeas (blackeyes), immature seeds, cooked, boiled, drained, without salt",11192
"Cowpeas (black-eyed peas), immature, canned/cooked","Cowpeas (blackeyes), immature seeds, cooked, boiled, drained, without salt",11192
"Cowpeas (black-eyed peas), mature, canned/cooked","Cowpeas (blackeyes), immature seeds, cooked, boiled, drained, without salt",11192
"Cress, cooked","Cress, garden, cooked, boiled, drained, without salt",11204
"Cucumber, cooked","Cucumber, with peel, raw",11205
"Cucumber, raw","Cucumber, with peel, raw",11205
"Dandelion greens, raw","Dandelion greens, raw",11207
"Dandelion greens, cooked","Dandelion greens, cooked, boiled, drained, without salt",11208
"Eggplant, raw","Eggplant, raw",11209
"Eggplant, cooked","Eggplant, cooked, boiled, drained, without salt",11210
"Escarole, cooked","Escarole, cooked, boiled, drained, no salt added",11214
"Garlic, cooked","Garlic, raw",11215
"Garlic, canned/cooked","Garlic, raw",11215
"Garlic, canned","Garlic, raw",11215
"Garlic, raw","Garlic, raw",11215
"Ginger root, raw","Ginger root, raw",11216
"Ginger root, cooked","Ginger root, raw",11216
"Kale, raw","Kale, raw",11233
"Kale, canned","Kale, cooked, boiled, drained, without salt",11234
"Kale, cooked","Kale, cooked, boiled, drained, without salt",11234
"Kale, canned/cooked","Kale, cooked, boiled, drained, without salt",11234
"Kohlrabi, raw","Kohlrabi, raw",11241
"Kohlrabi, cooked","Kohlrabi, cooked, boiled, drained, without salt",11242
"Leeks, (bulb and lower-leaf portion), raw","Leeks, (bulb and lower leaf-portion), raw",11246
"Leeks, (bulb and lower-leaf portion), cooked","Leeks, (bulb and lower leaf-portion), raw",11246
"Lettuce, cos/romaine, raw","Lettuce, cos or romaine, raw",11251
"Lettuce, iceberg/butterhead, raw","Lettuce, iceberg (includes crisphead types), raw",11252
"Lettuce, iceberg/butterhead, cooked","Lettuce, iceberg (includes crisphead types), raw",11252
"Lettuce, leaf, cooked","Lettuce, green leaf, raw",11253
"Lettuce, leaf, raw","Lettuce, green leaf, raw",11253
"Lotus root, cooked","Lotus root, cooked, boiled, drained, without salt",11255
"Mushrooms, raw","Mushrooms, white, raw",11260
"Mushrooms, dried, cooked","Mushrooms, white, cooked, boiled, drained, without salt",11261
"Mushrooms, cooked","Mushrooms, white, cooked, boiled, drained, without salt",11261
"Mushrooms, canned","Mushrooms, canned, drained solids",11264
"Mushrooms, canned/cooked","Mushrooms, canned, drained solids",11264
"Mushrooms, dried","Mushrooms, shiitake, dried",11268
"Mustard greens, raw","Mustard greens, raw",11270
"Mustard greens, cooked","Mustard greens, cooked, boiled, drained, without salt",11271
"Mustard greens, canned","Mustard greens, cooked, boiled, drained, without salt",11271
"Mustard greens, canned/cooked","Mustard greens, cooked, boiled, drained, without salt",11271
"Okra, raw","Okra, raw",11278
"Okra, canned/cooked","Okra, cooked, boiled, drained, without salt",11279
"Okra, canned","Okra, cooked, boiled, drained, without salt",11279
"Okra, cooked","Okra, cooked, boiled, drained, without salt",11279
"Onions, raw","Onions, raw",11282
"Onions, canned","Onions, cooked, boiled, drained, without salt",11283
"Onions, canned/cooked","Onions, cooked, boiled, drained, without salt",11283
"Onions, cooked","Onions, cooked, boiled, drained, without salt",11283
"Onions, dehydrated","Onions, dehydrated flakes",11284
"Onions, green/spring/scallions, raw","Onions, spring or scallions (includes tops and bulb), raw",11291
"Onions, green/spring/scallions, cooked","Onions, spring or scallions (includes tops and bulb), raw",11291
"Parsley, raw","Parsley, fresh",11297
"Parsley, cooked","Parsley, fresh",11297
"Parsley, canned/cooked","Parsley, fresh",11297
"Parsnips, cooked","Parsnips, cooked, boiled, drained, without salt",11299
"Peas, edible-podded, raw","Peas, edible-podded, raw",11300
"Peas, edible-podded, cooked","Peas, edible-podded, boiled, drained, without salt",11301
"Peas, green, raw","Peas, green, raw",11304
"Peas, cooked","Peas, green, cooked, boiled, drained, without salt",11305
"Peas, green, cooked","Peas, green, cooked, boiled, drained, without salt",11305
"Peas, green, canned","Peas, green (includes baby and lesuer types), canned, drained solids, unprepared",11308
"Peas, green, canned/cooked","Peas, green (includes baby and lesuer types), canned, drained solids, unprepared",11308
"Pigeonpeas, immature, canned","Pigeonpeas, immature seeds, cooked, boiled, drained, without salt",11345
"Pigeonpeas, immature, canned/cooked","Pigeonpeas, immature seeds, cooked, boiled, drained, without salt",11345
"Pigeonpeas, immature, cooked","Pigeonpeas, immature seeds, cooked, boiled, drained, without salt",11345
"Pigeonpeas, immature, raw (consumed canned/cooked)","Pigeonpeas, immature seeds, cooked, boiled, drained, without salt",11345
"Pigeonpeas, mature, canned/cooked","Pigeonpeas, immature seeds, cooked, boiled, drained, without salt",11345
"Pokeberry shoots (poke), cooked","Pokeberry shoots, (poke), cooked, boiled, drained, without salt",11351
"Potatoes, raw","Potatoes, flesh and skin, raw",11352
"Potatoes, cooked, with peel","Potatoes, boiled, cooked in skin, flesh, without salt",11365
"Potatoes, dehydrated","Potatoes, mashed, dehydrated, flakes without milk, dry form",11378
"Flour, potato",Potato flour,11413
"Flowers or blossoms of sesbania, squash, or lily, cooked","Pumpkin flowers, cooked, boiled, drained, without salt",11417
"Pumpkin, canned/cooked","Pumpkin, cooked, boiled, drained, without salt",11423
"Pumpkin, cooked","Pumpkin, cooked, boiled, drained, without salt",11423
"Pumpkin, canned","Pumpkin, canned, without salt",11424
"Radishes, raw","Radishes, raw",11429
"Radishes, daikon, cooked","Radishes, raw",11429
"Rutabagas, raw","Rutabagas, raw",11435
"Rutabagas, cooked","Rutabagas, cooked, boiled, drained, without salt",11436
"Seaweed, kelp, raw","Seaweed, kelp, raw",11445
"Seaweed, kelp, cooked","Seaweed, kelp, raw",11445
"Seaweed, laver, cooked","Seaweed, laver, raw",11446
"Seaweed, laver, raw","Seaweed, laver, raw",11446
"Beans, soy, mature, sprouted, cooked","Soybeans, mature seeds, sprouted, cooked, steamed",11453
"Spinach, raw","Spinach, raw",11457
"Spinach, cooked","Spinach, cooked, boiled, drained, without salt",11458
"Spinach, canned/cooked","Spinach, cooked, boiled, drained, without salt",11458
"Spinach, canned","Spinach, canned, regular pack, drained solids",11461
"Sweet potato leaves, cooked","Sweet potato leaves, cooked, steamed, without salt",11506
"Sweet potatoes, cooked","Sweet potato, cooked, boiled, without skin",11510
"Sweet potatoes, canned/cooked","Sweet potato, cooked, boiled, without skin",11510
"Sweet potatoes, canned","Sweet potato, canned, vacuum pack",11512
"Taro, cooked","Taro, cooked, without salt",11519
"Taro leaves, cooked","Taro leaves, raw",11520
"Tomatoes, raw","Tomatoes, red, ripe, raw, year round average",11529
"Tomatoes, cooked","Tomatoes, red, ripe, canned, stewed",11533
"Tomatoes, canned","Tomatoes, red, ripe, canned, stewed",11533
"Tomatoes, canned/cooked","Tomatoes, red, ripe, canned, stewed",11533
"Juice, tomato","Tomato juice, canned, with salt added",11540
Tomato paste,"Tomato products, canned, paste, without salt added",11546
"Sauce, tomato","Tomato products, canned, sauce",11549
"Tomato sauce, canned/cooked","Tomato products, canned, sauce",11549
"Tomato sauce, canned","Tomato products, canned, sauce",11549
"Turnips, raw","Turnips, raw",11564
"Turnips, cooked","Turnips, cooked, boiled, drained, without salt",11565
"Turnips, canned","Turnips, cooked, boiled, drained, without salt",11565
"Turnips, canned/cooked","Turnips, cooked, boiled, drained, without salt",11565
"Waterchestnuts, canned/cooked","Waterchestnuts, chinese, canned, solids and liquids",11590
"Watercress, cooked","Watercress, raw",11591
"Watercress, raw","Watercress, raw",11591
"Wax gourd/winter melon, cooked","Waxgourd, (chinese preserving melon), cooked, boiled, drained, without salt",11594
"Yam, cooked","Yam, cooked, boiled, drained, or baked, without salt",11602
"Yambean (jicama), raw","Yambean (jicama), raw",11603
"Squash, summer, canned/cooked","Squash, summer, all varieties, cooked, boiled, drained, without salt",11642
"Squash, summer, raw","Squash, summer, all varieties, cooked, boiled, drained, without salt",11642
"Squash, summer, canned","Squash, summer, all varieties, cooked, boiled, drained, without salt",11642
"Squash, summer, cooked","Squash, summer, all varieties, cooked, boiled, drained, without salt",11642
"Squash, winter, raw","Squash, winter, all varieties, cooked, baked, without salt",11644
"Squash, winter, cooked","Squash, winter, all varieties, cooked, baked, without salt",11644
"Juice, carrot","Carrot juice, canned",11655
"Seaweed, agar, dried","Seaweed, agar, dried",11663
"Seaweed, spirulina, dried","Seaweed, spirulina, dried",11667
Spirulina,"Seaweed, spirulina, dried",11667
"Seaweed, wakame, cooked","Seaweed, wakame, raw",11669
"Seaweed, wakame, raw","Seaweed, wakame, raw",11669
"Potatoes, cooked, peel not eaten or unknown","Potatoes, baked, flesh and skin, without salt",11674
"Potatoes, canned/cooked, peel not eaten or unknown","Potatoes, baked, flesh and skin, without salt",11674
"Peppers, non-bell, raw","Peppers, hot chili, red, raw",11819
"Peppers, non-bell, canned/cooked","Peppers, hot chili, red, canned, excluding seeds, solids and liquids",11820
"Peppers, non-bell, cooked","Peppers, hot chili, red, canned, excluding seeds, solids and liquids",11820
"Peppers, non-bell, canned","Peppers, hot chili, red, canned, excluding seeds, solids and liquids",11820
"Peppers, sweet/bell, raw","Peppers, sweet, red, raw",11821
"Peppers, sweet/bell, cooked","Peppers, sweet, red, cooked, boiled, drained, without salt",11823
"Peppers, sweet/bell, canned","Peppers, sweet, red, cooked, boiled, drained, without salt",11823
"Tomato puree, canned","Tomato products, canned, puree, with salt added",11888
"Tomato puree, cooked","Tomato products, canned, puree, with salt added",11888
"Tomato puree, canned/cooked","Tomato products, canned, puree, with salt added",11888
Pimento,"Pimento, canned",11943
"Radicchio, raw","Radicchio, raw",11952
"Tomatillos, cooked","Tomatillos, raw",11954
"Tomatoes, dehydrated","Tomatoes, sun-dried",11955
"Tomatoes, dried","Tomatoes, sun-dried",11955
"Fennel bulb, cooked","Fennel, bulb, raw",11957
"Fennel bulb, raw","Fennel, bulb, raw",11957
"Arugula, raw","Arugula, raw",11959
"Nopales, raw","Nopales, raw",11963
"Nopales, cooked","Nopales, cooked, without salt",11964
"Broccoli, Chinese, cooked","Broccoli, chinese, cooked",11969
"Grape leaves, canned/cooked","Grape leaves, raw",11974
"Seeds, chia","Seeds, chia seeds, dried",12006
"Seeds, pumpkin/squash, unroasted","Seeds, pumpkin and squash seed kernels, dried",12014
"Seeds, pumpkin/squash, roasted","Seeds, pumpkin and squash seed kernels, roasted, without salt",12016
"Seeds, sesame, dried/roasted","Seeds, sesame seeds, whole, dried",12023
"Seeds, sunflower, roasted","Seeds, sunflower seed kernels, dry roasted, without salt",12037
"Nuts, almonds, unroasted","Nuts, almonds",12061
"Nuts, almonds, roasted/heat-treated","Nuts, almonds, dry roasted, without salt added",12063
"Nuts, brazilnuts, roasted/heat-treated","Nuts, brazilnuts, dried, unblanched",12078
"Nuts, brazilnuts, unroasted","Nuts, brazilnuts, dried, unblanched",12078
"Nuts, cashew, unroasted","Nuts, cashew nuts, dry roasted, without salt added",12085
"Nuts, cashew, roasted/heat-treated","Nuts, cashew nuts, dry roasted, without salt added",12085
"Nuts, coconut meat, dried (desiccated)","Nuts, coconut meat, raw",12104
"Nuts, coconut meat, raw","Nuts, coconut meat, raw",12104
"Nuts, coconut cream","Nuts, coconut cream, canned, sweetened",12116
"Nuts, coconut milk","Nuts, coconut milk, raw (liquid expressed from grated meat and water)",12117
"Nuts, coconut water (liquid from coconuts)","Nuts, coconut water (liquid from coconuts)",12119
"Nuts, hazelnuts or filberts, unroasted","Nuts, hazelnuts or filberts",12120
"Nuts, hazelnuts or filberts, roasted/heat-treated","Nuts, hazelnuts or filberts",12120
"Nuts, pecans, roasted/heat-treated","Nuts, pecans",12142
"Nuts, pecans, unroasted","Nuts, pecans",12142
"Nuts, pine, dried","Nuts, pine nuts, dried",12147
"Nuts, pistachio, roasted/heat-treated","Nuts, pistachio nuts, dry roasted, without salt added",12152
"Nuts, pistachio, unroasted","Nuts, pistachio nuts, dry roasted, without salt added",12152
"Nuts, walnuts, roasted/heat-treated","Nuts, walnuts, english",12155
"Nuts, walnuts, raw","Nuts, walnuts, english",12155
"Nuts, walnuts, unroasted","Nuts, walnuts, english",12155
"Nuts, chestnuts, roasted/heat-treated","Nuts, chestnuts, european, roasted",12167
"Seeds, flax, roasted","Seeds, flaxseed",12220
"Seeds, flax, unroasted","Seeds, flaxseed",12220
"Nuts, macadamia, roasted/heat-treated","Nuts, macadamia nuts, dry roasted, with salt added",12632
"Nuts, macadamia, unroasted","Nuts, macadamia nuts, dry roasted, with salt added",12632
"Beef, variety meat, brains, cooked","Beef, variety meats and by-products, brain, cooked, simmered",13320
"Beef, variety meat, heart, cooked","Beef, variety meats and by-products, heart, cooked, simmered",13322
"Beef, variety meat, kidney, cooked","Beef, variety meats and by-products, kidneys, cooked, simmered",13324
"Beef, variety meat, liver, cooked","Beef, variety meats and by-products, liver, cooked, pan-fried",13327
"Beef, variety meat, tongue, cooked","Beef, variety meats and by-products, tongue, cooked, simmered",13340
"Beef, variety meat, tripe, cooked","Beef, variety meats and by-products, tripe, raw",13341
"Beef, variety meat, tripe, canned","Beef, variety meats and by-products, tripe, raw",13341
"Beef, lean and fat, dried","Beef, cured, dried",13350
"Beef, lean and fat, canned/cooked","Beef, chuck, blade roast, separable lean only, trimmed to 0"" fat, all grades, cooked, braised",13382
"Beef, lean and fat, canned","Beef, chuck, blade roast, separable lean only, trimmed to 0"" fat, all grades, cooked, braised",13382
"Beverage, alcoholic, distilled","Alcoholic beverage, distilled, all (gin, rum, vodka, whiskey) 80 proof",14037
"Wine, sweet, NS as to red/white","Alcoholic beverage, wine, dessert, sweet",14057
"Protein, milk/whey concentrate/isolate","Beverages, Whey protein powder isolate",14058
"Wine, table, NS as to red/white","Alcoholic beverage, wine, table, red",14096
"Wine, table, red","Alcoholic beverage, wine, table, red",14096
"Wine, table, white","Alcoholic beverage, wine, table, white",14106
"Tea, oolong, leaves","Beverages, tea, Oolong, brewed",14185
Coffee beans/grounds/instant powder,"Coffee, brewed, prepared with tap water",14209
"Juice, apple (alcoholic)","Beverages, Amber, hard cider",14250
"Wine, table, rose","Alcoholic beverages, Wine, rose",14253
"Tea, green, leaves","Beverages, tea, green, brewed, regular",14278
"Tea, black, leaves","Beverages, tea, black, brewed, prepared with tap water",14355
"Tea, black, instant powder","Beverages, tea, instant, unsweetened, powder",14366
"Tea, herbal, leaves/flowers/seeds","Beverages, tea, herb, other than chamomile, brewed",14381
"Water, tap","Water, tap, drinking",14411
"Water, tap (amount based on powder)","Water, tap, drinking",14411
"Beverage, alcoholic, liqueur","Alcoholic beverage, liqueur, coffee, 53 proof",14414
"Water, bottled","Water, bottled, generic",14555
"Water, bottled (amount based on powder)","Water, bottled, generic",14555
"Fish, anchovy, canned/cooked","Fish, anchovy, european, canned in oil, drained solids",15002
"Fish, anchovy, canned","Fish, anchovy, european, canned in oil, drained solids",15002
"Fish, anchovy, cooked","Fish, anchovy, european, canned in oil, drained solids",15002
"Fish, carp, cooked","Fish, carp, raw",15008
"Fish, cod, cooked","Fish, cod, Atlantic, cooked, dry heat",15016
"Fish, cod, dried","Fish, cod, Atlantic, dried and salted",15018
"Fish, cod, raw","Fish, cod, Pacific, raw (may have been previously frozen)",15019
"Fish, croaker, cooked","Fish, croaker, Atlantic, raw",15020
"Fish, eel, cooked","Fish, eel, mixed species, raw",15025
"Fish, eel, smoked","Fish, eel, mixed species, raw",15025
"Fish, flatfish, cooked","Fish, flatfish (flounder and sole species), raw",15028
"Fish, flatfish, smoked","Fish, flatfish (flounder and sole species), raw",15028
"Fish, haddock, cooked","Fish, haddock, raw",15033
"Fish, haddock, smoked","Fish, haddock, smoked",15035
"Fish, halibut, cooked","Fish, halibut, Atlantic and Pacific, raw",15036
"Fish, herring, raw","Fish, herring, Atlantic, raw",15039
"Fish, herring, cooked","Fish, herring, Atlantic, cooked, dry heat",15040
"Fish, herring, smoked","Fish, herring, Atlantic, cooked, dry heat",15040
"Fish, mackerel, raw","Fish, mackerel, Atlantic, raw",15046
"Fish, mackerel, cooked","Fish, mackerel, jack, canned, drained solids",15048
"Fish, mackerel, canned/cooked","Fish, mackerel, jack, canned, drained solids",15048
"Fish, mackerel, canned","Fish, mackerel, jack, canned, drained solids",15048
"Fish, mullet, cooked","Fish, mullet, striped, raw",15055
"Fish, ocean perch, cooked","Fish, ocean perch, Atlantic, raw",15057
"Fish, perch, cooked","Fish, perch, mixed species, raw",15060
"Fish, pike, cooked","Fish, pike, northern, raw",15062
"Fish, pollock, cooked","Fish, pollock, Alaska, raw (may have been previously frozen)",15066
"Fish, pompano, cooked","Fish, pompano, florida, raw",15068
"Fish, pompano, raw","Fish, pompano, florida, raw",15068
"Fish, pompano, smoked","Fish, pompano, florida, raw",15068
"Fish roe, sturgeon, raw","Fish, roe, mixed species, raw",15072
"Fish roe, shad, cooked","Fish, roe, mixed species, raw",15072
"Fish, salmon, smoked","Fish, salmon, chinook, smoked",15077
"Fish, salmon, raw","Fish, salmon, pink, raw",15083
"Fish, salmon, canned","Fish, salmon, pink, canned, total can contents",15084
"Fish, salmon, cooked","Fish, salmon, pink, canned, total can contents",15084
"Fish, salmon, canned/cooked","Fish, salmon, pink, canned, total can contents",15084
"Fish, sardines, canned/cooked","Fish, sardine, Atlantic, canned in oil, drained solids with bone",15088
"Fish, sardines, cooked","Fish, sardine, Atlantic, canned in oil, drained solids with bone",15088
"Fish, sardines, canned","Fish, sardine, Atlantic, canned in oil, drained solids with bone",15088
"Fish, porgy/scup, cooked","Fish, scup, raw",15090
"Fish, sea bass, raw","Fish, sea bass, mixed species, raw",15091
"Fish, shark, cooked","Fish, shark, mixed species, raw",15095
"Fish, snapper, cooked","Fish, snapper, mixed species, raw",15101
"Fish, snapper, raw","Fish, snapper, mixed species, raw",15101
"Fish, sturgeon, cooked","Fish, sturgeon, mixed species, raw",15104
"Fish, swordfish, cooked","Fish, swordfish, raw",15110
"Fish, tuna, cooked","Fish, tuna, light, canned in water, drained solids",15121
"Fish, tuna, canned/cooked","Fish, tuna, light, canned in water, drained solids",15121
"Fish, tuna, canned","Fish, tuna, light, canned in water, drained solids",15121
"Fish, tuna, raw","Fish, tuna, fresh, yellowfin, raw",15127
"Fish, whiting, cooked","Fish, whiting, mixed species, raw",15132
"Crab, cooked","Crustaceans, crab, blue, cooked, moist heat",15140
"Crustaceans, crab, canned","Crustaceans, crab, blue, canned",15141
"Crustaceans, crab, canned/cooked","Crustaceans, crab, blue, canned",15141
"Crustaceans, crab, cooked","Crustaceans, crab, blue, canned",15141
"Crab, canned/cooked","Crustaceans, crab, blue, canned",15141
"Crustaceans, crayfish/crawfish, cooked","Crustaceans, crayfish, mixed species, wild, cooked, moist heat",15146
"Crustaceans, lobster, cooked","Crustaceans, lobster, northern, cooked, moist heat",15148
"Crustaceans, shrimp, canned/cooked","Crustaceans, shrimp, mixed species, canned",15152
"Crustaceans, shrimp, canned","Crustaceans, shrimp, mixed species, canned",15152
"Crustaceans, shrimp, cooked","Crustaceans, shrimp, mixed species, canned",15152
"Mollusks, abalone, cooked","Mollusks, abalone, mixed species, raw",15155
"Mollusks, clam, raw","Mollusks, clam, mixed species, raw",15157
"Mollusks, clam, canned","Mollusks, clam, mixed species, canned, drained solids",15160
"Mollusks, clam, canned/cooked","Mollusks, clam, mixed species, canned, drained solids",15160
"Mollusks, clam, cooked","Mollusks, clam, mixed species, canned, drained solids",15160
"Mollusks, mussels, cooked","Mollusks, mussel, blue, raw",15164
"Mollusks, octopus, cooked","Mollusks, octopus, common, raw",15166
"Mollusks, oysters, raw","Mollusks, oyster, eastern, wild, raw",15167
"Mollusks, oysters, canned/cooked","Mollusks, oyster, eastern, canned",15170
"Mollusks, oysters, smoked","Mollusks, oyster, eastern, canned",15170
"Mollusks, oysters, canned","Mollusks, oyster, eastern, canned",15170
"Mollusks, oysters, cooked","Mollusks, oyster, eastern, canned",15170
"Mollusks, squid, canned","Mollusks, squid, mixed species, raw",15175
"Mollusks, squid, raw","Mollusks, squid, mixed species, raw",15175
"Mollusks, squid, canned/cooked","Mollusks, squid, mixed species, raw",15175
"Mollusks, squid, dried","Mollusks, squid, mixed species, raw",15175
"Mollusks, squid, cooked","Mollusks, squid, mixed species, raw",15175
"Fish, catfish, cooked","Fish, catfish, channel, farmed, raw",15234
"Fish, trout, cooked","Fish, trout, rainbow, farmed, raw",15240
"Fish, trout, smoked","Fish, trout, rainbow, farmed, raw",15240
"Fish, tilapia, cooked","Fish, tilapia, raw",15261
"Beans, navy, mature, canned/cooked","Beans, baked, canned, plain or vegetarian",16006
"Beans, black, mature, raw (consumed cooked/heat-treated)","Beans, black, mature seeds, raw",16014
"Beans, black, mature, cooked","Beans, black, mature seeds, cooked, boiled, without salt",16015
"Beans, black, mature, canned","Beans, black turtle, mature seeds, canned",16018
"Beans, black, mature, canned/cooked","Beans, black turtle, mature seeds, canned",16018
"Beans, great northern, mature, canned","Beans, great northern, mature seeds, canned",16026
"Beans, kidney, mature, raw (consumed cooked/heat-treated)","Beans, kidney, red, mature seeds, raw",16032
"Beans, kidney, mature, cooked","Beans, kidney, red, mature seeds, cooked, boiled, without salt",16033
"Beans, kidney, mature, canned/cooked","Beans, kidney, red, mature seeds, canned, solids and liquids",16034
"Beans, kidney, mature, canned","Beans, kidney, red, mature seeds, canned, solids and liquids",16034
"Beans, pink, mature, raw (consumed cooked/heat-treated)","Beans, pink, mature seeds, raw",16040
"Beans, pink, mature, canned","Beans, pink, mature seeds, cooked, boiled, without salt",16041
"Beans, pink, mature, cooked","Beans, pink, mature seeds, cooked, boiled, without salt",16041
"Beans, pink, mature, canned/cooked","Beans, pink, mature seeds, cooked, boiled, without salt",16041
"Beans, pinto, mature, raw (consumed cooked/heat-treated)","Beans, pinto, mature seeds, raw",16042
"Beans, pinto, mature, canned","Beans, pinto, mature seeds, cooked, boiled, without salt",16043
"Beans, pinto, mature, canned/cooked","Beans, pinto, mature seeds, cooked, boiled, without salt",16043
"Beans, pinto, mature, cooked","Beans, pinto, mature seeds, cooked, boiled, without salt",16043
"Beans, yellow, mature, cooked","Beans, yellow, mature seeds, cooked, boiled, without salt",16048
"Beans, white, mature, cooked","Beans, white, mature seeds, cooked, boiled, without salt",16050
"Beans, white, mature, canned/cooked","Beans, white, mature seeds, cooked, boiled, without salt",16050
"Beans, fava/broad, mature, canned/cooked","Broadbeans (fava beans), mature seeds, cooked, boiled, without salt",16053
"Beans, fava/broad, mature, cooked","Broadbeans (fava beans), mature seeds, cooked, boiled, without salt",16053
"Flour, carob",Carob flour,16055
"Chickpeas (garbanzo beans), mature, raw (consumed cooked/heat-treated)","Chickpeas (garbanzo beans, bengal gram), mature seeds, raw",16056
"Chickpeas (garbanzo beans), mature, cooked","Chickpeas (garbanzo beans, bengal gram), mature seeds, cooked, boiled, without salt",16057
"Chickpeas (garbanzo beans), mature, canned","Chickpeas (garbanzo beans, bengal gram), mature seeds, cooked, boiled, without salt",16057
"Chickpeas (garbanzo beans), mature, canned/cooked","Chickpeas (garbanzo beans, bengal gram), mature seeds, cooked, boiled, without salt",16057
"Lentils, raw (consumed cooked/heat-treated)","Lentils, raw",16069
"Lentils, canned","Lentils, mature seeds, cooked, boiled, without salt",16070
"Lentils, canned/cooked","Lentils, mature seeds, cooked, boiled, without salt",16070
"Lentils, cooked","Lentils, mature seeds, cooked, boiled, without salt",16070
"Beans, lima, mature, cooked","Lima beans, large, mature seeds, cooked, boiled, without salt",16072
"Beans, lima, mature, canned/cooked","Lima beans, large, mature seeds, cooked, boiled, without salt",16072
"Beans, mung, mature, canned/cooked","Mung beans, mature seeds, cooked, boiled, without salt",16081
"Beans, mung, mature, cooked","Mung beans, mature seeds, cooked, boiled, without salt",16081
"Beans, mungo, mature, cooked","Mung beans, mature seeds, cooked, boiled, without salt",16081
"Peas, green, mature (split), cooked","Peas, split, mature seeds, cooked, boiled, without salt",16086
"Peas, green, mature (split), canned","Peas, split, mature seeds, cooked, boiled, without salt",16086
"Peas, green, split, uncooked (consumed cooked/heat-treated)","Peas, split, mature seeds, cooked, boiled, without salt",16086
"Peas, green, mature (split), raw (consumed cooked/heat-treated)","Peas, split, mature seeds, cooked, boiled, without salt",16086
"Peas, green, mature (split), uncooked (consumed cooked/heat-treated)","Peas, split, mature seeds, cooked, boiled, without salt",16086
"Flour, peanut","Peanut flour, defatted",16099
"Protein, textured vegetable","Bacon, meatless",16104
"Beans, soy, mature, cooked","Soybeans, mature cooked, boiled, without salt",16109
"Beans, soy, immature, cooked","Soybeans, mature cooked, boiled, without salt",16109
"Beans, soy, mature, dried","Soybeans, mature seeds, roasted, salted",16110
"Miso, cooked",Miso,16112
"Flour, soy","Soy flour, full-fat, raw",16115
"Soy meal, defatted","Soy flour, defatted",16117
"Protein, soy isolate",Soy protein isolate,16122
"Protein, soy concentrate",Soy protein isolate,16122
Soy sauce,Soy sauce made from soy (tamari),16124
Tofu,"Tofu, soft, prepared with calcium sulfate and magnesium chloride (nigari)",16127
"Peanuts, roasted/otherwise heat treated","Peanuts, all types, dry-roasted, without salt",16390
"Veal, lean and fat, cooked","Veal, loin, separable lean and fat, cooked, roasted",17106
"Bear, lean and fat, cooked","Game meat, bear, cooked, simmered",17147
"Beaver, lean and fat, cooked","Game meat, beaver, cooked, roasted",17151
"Bison, lean and fat, cooked","Game meat, bison, separable lean only, cooked, roasted",17157
"Pig, wild, lean and fat, cooked","Game meat, boar, wild, cooked, roasted",17159
"Goat, lean and fat, cooked","Game meat, goat, cooked, roasted",17169
"Moose, lean and fat, cooked","Game meat, moose, cooked, roasted",17173
"Rabbit, domesticated, lean and fat, cooked","Game meat, rabbit, domesticated, composite of cuts, cooked, stewed",17179
"Raccoon, lean and fat, cooked","Game meat, raccoon, cooked, roasted",17182
"Squirrel, lean and fat, cooked","Game meat, squirrel, cooked, roasted",17184
"Veal, variety meat, thymus, cooked","Veal, variety meats and by-products, thymus, cooked, braised",17219
"Lamb, lean and fat, cooked","Lamb, ground, cooked, broiled",17225
"Deer, lean and fat, cooked","Game meat, deer, ground, raw",17343
"Leavening agents, baking powder","Leavening agents, baking powder, double-acting, sodium aluminum sulfate",18369
"Leavening agents, baking soda","Leavening agents, baking soda",18372
"Leavening agents, cream of tartar","Leavening agents, cream of tartar",18373
"Leavening agents, yeast","Leavening agents, yeast, baker's, active dry",18375
"Popcorn, air-popped","Snacks, popcorn, air-popped",19034
"Pork, variety meat, skin, dehydrated (pork rinds)","Snacks, pork skins, plain",19041
"Chocolate, unsweetened","Baking chocolate, unsweetened, squares",19078
"Cocoa, dry powder, unsweetened","Cocoa, dry powder, unsweetened",19165
"Gelatin, dry powder, unsweetened","Gelatins, dry powder, unsweetened",19177
Honey,Honey,19296
Molasses,Molasses,19304
Sugars,"Sugars, granulated",19335
"Syrup, corn","Syrups, corn, high-fructose",19351
"Syrup, maple","Syrups, maple",19353
"Syrup, sorghum","Syrups, sorghum",19355
"Syrup, agave","Sweetener, syrup, agave",19912
"Barley, pearled, uncooked (consumed cooked/heat-treated)","Barley, pearled, raw",20005
"Flour, barley","Barley, pearled, raw",20005
"Buckwheat groats, uncooked (consumed cooked/heat-treated)","Buckwheat groats, roasted, cooked",20010
"Flour, buckwheat","Buckwheat flour, whole-groat",20011
"Flour, corn, masa","Corn flour, masa, enriched, white",20017
"Flour, corn, whole grain","Corn flour, masa, enriched, white",20017
"Flour, corn, degermed","Corn flour, masa, enriched, white",20017
"Cornmeal, degermed","Cornmeal, degermed, enriched, yellow",20022
"Cornmeal, whole grain","Cornmeal, degermed, enriched, yellow",20022
"Corn hominy, canned","Hominy, canned, white",20030
"Corn hominy, canned/cooked","Hominy, canned, white",20030
"Corn hominy, cooked","Hominy, canned, white",20030
"Millet, uncooked (consumed cooked/heat-treated)","Millet, cooked",20032
"Bran, oat","Oat bran, raw",20033
"Rice, brown, uncooked (consumed cooked/heat-treated)","Rice, brown, long-grain, raw",20036
"Rice, white, uncooked (consumed cooked/heat-treated)","Rice, white, long-grain, regular, raw, enriched",20044
"Flour, rice, white","Rice flour, white, unenriched",20061
"Flour, rye","Rye flour, medium",20064
"Rye grain, uncooked (consumed cooked/heat-treated)","Rye flour, medium",20064
"Tapioca, dried","Tapioca, pearl, dry",20068
"Bran, wheat","Wheat bran, crude",20077
"Cereal, infant, wheat, whole grain","Wheat flour, whole-grain",20080
"Flour, wheat, refined","Wheat flour, white, all-purpose, enriched, bleached",20081
"Wild rice, uncooked (consumed cooked/heat-treated)","Wild rice, raw",20088
"Quinoa, uncooked (consumed cooked/heat-treated)","Quinoa, cooked",20137
"Beef, lean and fat, raw","Beef, ground, 80% lean meat / 20% fat, raw",23572
"Beef, lean and fat, cooked","Beef, ground, 80% lean meat / 20% fat, patty, cooked, broiled",23573
Horseradish root,"Sauce, horseradish",27066
"Cheese, monterey, reduced fat","Cheese, monterey, low fat",42155
"Milk, buttermilk, 2% fat, fluid","Milk, buttermilk, fluid, cultured, reduced fat",42189
"Cheese, muenster, reduced fat","Cheese, muenster, low fat",42303
"Cabbage, mustard, cooked","Cabbage, mustard, salted",43144
"Cheese, cream, low fat","Cheese, cream, low fat",43274
"Quail, lean and fat, cooked","Quail, cooked, total edible",43282
"Pheasant, lean and fat, cooked","Pheasant, cooked, total edible",43283
"Dove, lean and fat, cooked","Dove, cooked (includes squab)",43287
"Potatoes, canned, peel not eaten or unknown","Potatoes, canned, drained solids, no salt added",43311
"Potatoes, canned","Potatoes, canned, drained solids, no salt added",43311
"Turnip greens, cooked","Turnip greens, canned, no salt added",43387
"Turnip greens, canned/cooked","Turnip greens, canned, no salt added",43387
"Turnip greens, canned","Turnip greens, canned, no salt added",43387
"Hearts of palm, cooked","Hearts of palm, raw",43392
Yeast extract,Yeast extract spread,43406
"Beverage, alcoholic, rice (sake)","Alcoholic beverage, rice (sake)",43479
"Flour, millet","Millet, puffed",43483
"Frog legs, cooked","Frog legs, raw",80200
"Mollusks, scallops, cooked","Mollusks, scallop, (bay and sea), cooked, steamed",90240
"Mollusks, snails, cooked","Mollusks, snail, raw",90560
"Turtle, cooked","Turtle, green, raw",93600
Cheese. Oaxaca,"Cheese, oaxaca, solid",100299
"Cheese, cotija","Cheese, cotija, solid",100301
